date,open,high,low,close,adj_close,volume
2024-08-13,16.520000457763672,16.959999084472656,16.440000534057617,16.899999618530273,16.899999618530273,89113360
2024-08-14,16.979999542236328,16.979999542236328,16.739999771118164,16.860000610351562,16.860000610351562,42244264
2024-08-15,16.68000030517578,17.299999237060547,16.600000381469727,17.219999313354492,17.219999313354492,94551112
2024-08-16,17.239999771118164,17.420000076293945,17.139999389648438,17.31999969482422,17.31999969482422,71246541
2024-08-19,17.5,18.040000915527344,17.479999542236328,17.6200008392334,17.6200008392334,123269250
2024-08-20,17.959999084472656,17.959999084472656,17.280000686645508,17.68000030517578,17.68000030517578,79865450
2024-08-21,17.31999969482422,17.520000457763672,17.100000381469727,17.520000457763672,17.520000457763672,98036616
2024-08-22,18.5,19.239999771118164,18.3799991607666,19.100000381469727,19.100000381469727,434622724
2024-08-23,19.0,19.139999389648438,18.68000030517578,18.81999969482422,18.81999969482422,123160023
2024-08-26,19.0,19.0,18.520000457763672,18.719999313354492,18.719999313354492,85190286
2024-08-27,18.579999923706055,18.899999618530273,18.440000534057617,18.8799991607666,18.8799991607666,88144342
2024-08-28,18.799999237060547,19.020000457763672,18.6200008392334,18.959999084472656,18.959999084472656,76185975
2024-08-29,18.68000030517578,18.899999618530273,18.420000076293945,18.8799991607666,18.8799991607666,69733894
2024-08-30,18.8799991607666,19.700000762939453,18.81999969482422,19.5,19.5,177604614
2024-09-02,19.299999237060547,19.559999465942383,18.979999542236328,19.059999465942383,19.059999465942383,81454069
2024-09-03,19.059999465942383,19.31999969482422,18.899999618530273,19.18000030517578,19.18000030517578,66363685
2024-09-04,18.81999969482422,18.860000610351562,18.440000534057617,18.65999984741211,18.65999984741211,106320627
2024-09-05,18.639999389648438,18.81999969482422,18.31999969482422,18.540000915527344,18.540000915527344,94213782
2024-09-09,18.299999237060547,18.6200008392334,18.239999771118164,18.6200008392334,18.6200008392334,149404091
2024-09-10,18.6200008392334,18.700000762939453,18.18000030517578,18.65999984741211,18.65999984741211,81163590
2024-09-11,18.34000015258789,19.059999465942383,18.34000015258789,18.959999084472656,18.959999084472656,74641703
2024-09-12,19.020000457763672,19.299999237060547,18.84000015258789,18.920000076293945,18.920000076293945,69973131
2024-09-13,18.959999084472656,19.440000534057617,18.920000076293945,19.219999313354492,19.219999313354492,73146752
2024-09-16,18.979999542236328,19.299999237060547,18.940000534057617,19.239999771118164,19.239999771118164,27267287
2024-09-17,19.200000762939453,19.579999923706055,19.139999389648438,19.520000457763672,19.520000457763672,44239073
2024-09-19,19.459999084472656,19.979999542236328,19.280000686645508,19.799999237060547,19.799999237060547,127470344
2024-09-20,19.799999237060547,20.200000762939453,19.719999313354492,19.8799991607666,19.8799991607666,134110539
2024-09-23,19.8799991607666,20.799999237060547,19.84000015258789,20.549999237060547,20.549999237060547,196007468
2024-09-24,20.899999618530273,21.450000762939453,20.799999237060547,21.200000762939453,21.200000762939453,231382970
2024-09-25,21.850000381469727,21.850000381469727,20.399999618530273,20.549999237060547,20.549999237060547,295113558
2024-09-26,20.850000381469727,21.5,20.350000381469727,21.5,21.5,277149964
2024-09-27,21.799999237060547,22.450000762939453,21.149999618530273,21.950000762939453,21.950000762939453,347881602
2024-09-30,22.700000762939453,22.950000762939453,21.950000762939453,22.5,22.5,336102598
2024-10-02,22.5,24.649999618530273,22.5,24.0,24.0,251108945
2024-10-03,24.049999237060547,24.399999618530273,23.200000762939453,24.049999237060547,24.049999237060547,190305304
2024-10-04,23.899999618530273,24.75,23.600000381469727,24.549999237060547,24.549999237060547,149949209
2024-10-07,24.899999618530273,26.149999618530273,24.700000762939453,25.850000381469727,25.850000381469727,218062756
2024-10-08,25.899999618530273,26.200000762939453,23.399999618530273,23.700000762939453,23.700000762939453,453596652
2024-10-09,23.950000762939453,24.450000762939453,22.549999237060547,23.299999237060547,23.299999237060547,311173505
2024-10-10,23.799999237060547,24.450000762939453,23.600000381469727,23.75,23.75,168957063
2024-10-14,23.700000762939453,23.700000762939453,22.5,23.600000381469727,23.600000381469727,179121230
2024-10-15,23.600000381469727,24.049999237060547,22.700000762939453,23.0,23.0,154001004
2024-10-16,22.600000381469727,23.200000762939453,22.5,22.700000762939453,22.700000762939453,99985996
2024-10-17,23.100000381469727,23.75,23.0,23.100000381469727,23.100000381469727,126553025
2024-10-18,23.299999237060547,24.799999237060547,23.299999237060547,24.549999237060547,24.549999237060547,198754528
2024-10-21,24.75,25.350000381469727,24.200000762939453,24.25,24.25,164914336
2024-10-22,24.25,24.799999237060547,24.100000381469727,24.450000762939453,24.450000762939453,91419386
2024-10-23,24.350000381469727,25.899999618530273,24.299999237060547,25.549999237060547,25.549999237060547,188180918
2024-10-24,25.25,25.649999618530273,25.149999618530273,25.25,25.25,108534234
2024-10-25,25.450000762939453,26.5,25.450000762939453,25.950000762939453,25.950000762939453,184518253
2024-10-28,26.299999237060547,26.399999618530273,25.299999237060547,25.5,25.5,165990392
2024-10-29,25.899999618530273,26.149999618530273,25.25,25.850000381469727,25.850000381469727,130524256
2024-10-30,25.600000381469727,26.399999618530273,25.350000381469727,26.0,26.0,164014844
2024-10-31,26.0,27.299999237060547,25.950000762939453,26.700000762939453,26.700000762939453,199192208
2024-11-01,27.0,27.450000762939453,26.549999237060547,27.299999237060547,27.299999237060547,198123879
2024-11-04,27.5,28.0,27.100000381469727,27.299999237060547,27.299999237060547,146030485
2024-11-05,27.0,28.350000381469727,27.0,28.200000762939453,28.200000762939453,143702336
2024-11-06,28.100000381469727,28.350000381469727,27.0,27.600000381469727,27.600000381469727,179735496
2024-11-07,27.100000381469727,28.100000381469727,26.600000381469727,27.850000381469727,27.850000381469727,201079990
2024-11-08,28.0,29.25,27.950000762939453,28.299999237060547,28.299999237060547,220119217
2024-11-11,27.75,29.700000762939453,27.649999618530273,29.299999237060547,29.299999237060547,261301204
2024-11-12,29.399999618530273,29.600000381469727,28.25,28.450000762939453,28.450000762939453,185336411
2024-11-13,28.0,29.0,27.649999618530273,28.899999618530273,28.899999618530273,145984202
2024-11-14,28.5,29.0,27.350000381469727,27.850000381469727,27.850000381469727,155298014
2024-11-15,28.149999618530273,28.649999618530273,27.75,28.0,28.0,117132035
2024-11-18,28.5,29.049999237060547,27.600000381469727,28.799999237060547,28.799999237060547,162095850
2024-11-19,29.149999618530273,29.350000381469727,27.5,28.299999237060547,28.299999237060547,209931014
2024-11-20,27.899999618530273,28.149999618530273,27.399999618530273,28.0,28.0,113721056
2024-11-21,27.899999618530273,28.75,27.75,28.149999618530273,28.149999618530273,102041844
2024-11-22,28.25,29.850000381469727,28.0,28.549999237060547,28.549999237060547,254978108
2024-11-25,29.100000381469727,29.299999237060547,27.700000762939453,28.399999618530273,28.399999618530273,188253473
2024-11-26,28.0,28.350000381469727,26.899999618530273,27.200000762939453,27.200000762939453,175996227
2024-11-27,27.100000381469727,28.399999618530273,26.799999237060547,28.299999237060547,28.299999237060547,161187829
2024-11-28,28.0,28.649999618530273,27.700000762939453,27.850000381469727,27.850000381469727,100416130
2024-11-29,27.850000381469727,28.25,27.25,27.75,27.75,116296536
2024-12-02,28.25,28.75,27.899999618530273,28.549999237060547,28.549999237060547,130374633
2024-12-03,28.850000381469727,29.450000762939453,28.549999237060547,29.100000381469727,29.100000381469727,169130914
2024-12-04,29.399999618530273,29.549999237060547,28.850000381469727,29.100000381469727,29.100000381469727,112163595
2024-12-05,28.950000762939453,29.600000381469727,28.799999237060547,29.450000762939453,29.450000762939453,106667106
2024-12-06,29.5,29.950000762939453,29.25,29.899999618530273,29.899999618530273,189456485
2024-12-09,29.950000762939453,31.0,29.450000762939453,30.950000762939453,30.950000762939453,223798144
2024-12-10,32.150001525878906,32.150001525878906,30.799999237060547,30.950000762939453,30.950000762939453,193229427
2024-12-11,31.450000762939453,31.5,30.200000762939453,30.450000762939453,30.450000762939453,123085951
2024-12-12,30.649999618530273,31.799999237060547,30.450000762939453,31.600000381469727,31.600000381469727,145098808
2024-12-13,31.399999618530273,32.150001525878906,31.049999237060547,31.350000381469727,31.350000381469727,157878633
2024-12-16,31.5,31.649999618530273,30.049999237060547,30.350000381469727,30.350000381469727,140659846
2024-12-17,30.549999237060547,30.75,29.600000381469727,29.950000762939453,29.950000762939453,133233564
2024-12-18,30.450000762939453,30.899999618530273,30.049999237060547,30.799999237060547,30.799999237060547,86680411
2024-12-19,30.200000762939453,31.049999237060547,30.0,30.799999237060547,30.799999237060547,85886142
2024-12-20,30.700000762939453,32.099998474121094,30.700000762939453,31.649999618530273,31.649999618530273,204413958
2024-12-23,32.0,32.25,31.450000762939453,31.75,31.75,97720054
2024-12-24,32.900001525878906,32.900001525878906,32.900001525878906,32.900001525878906,32.900001525878906,0
2024-12-27,33.5,34.95000076293945,33.349998474121094,34.150001525878906,34.150001525878906,263910660
2024-12-30,34.650001525878906,34.95000076293945,33.70000076293945,34.45000076293945,34.45000076293945,156035423
2024-12-31,34.650001525878906,34.650001525878906,34.650001525878906,34.650001525878906,34.650001525878906,0
2025-01-02,34.79999923706055,34.79999923706055,33.400001525878906,34.0,34.0,182385452
2025-01-03,34.45000076293945,36.29999923706055,34.0,36.25,36.25,338723918
2025-01-06,35.900001525878906,36.849998474121094,35.650001525878906,36.29999923706055,36.29999923706055,166161841
2025-01-07,36.04999923706055,36.099998474121094,32.75,34.150001525878906,34.150001525878906,432841993
2025-01-08,33.70000076293945,34.150001525878906,32.20000076293945,32.79999923706055,32.79999923706055,298899129
2025-01-09,32.70000076293945,34.29999923706055,32.650001525878906,33.75,33.75,171639459
2025-01-10,33.75,34.5,33.400001525878906,33.54999923706055,33.54999923706055,122895840
2025-01-13,33.20000076293945,33.5,32.29999923706055,32.79999923706055,32.79999923706055,126426992
2025-01-14,32.75,34.150001525878906,32.75,33.75,33.75,122182323
2025-01-15,33.75,34.0,33.349998474121094,33.599998474121094,33.599998474121094,79201609
2025-01-16,34.099998474121094,34.79999923706055,33.54999923706055,34.349998474121094,34.349998474121094,137814016
2025-01-17,34.400001525878906,35.0,34.099998474121094,34.95000076293945,34.95000076293945,94838569
2025-01-20,35.650001525878906,35.79999923706055,34.29999923706055,34.70000076293945,34.70000076293945,166721242
2025-01-21,35.0,36.099998474121094,34.75,35.900001525878906,35.900001525878906,136275839
2025-01-22,36.0,36.20000076293945,35.20000076293945,35.29999923706055,35.29999923706055,106122696
2025-01-23,35.70000076293945,35.75,34.25,34.5,34.5,124771415
2025-01-24,34.75,37.29999923706055,34.5,36.849998474121094,36.849998474121094,288470060
2025-01-27,37.650001525878906,37.650001525878906,36.54999923706055,37.099998474121094,37.099998474121094,154106703
2025-01-28,38.150001525878906,38.150001525878906,38.150001525878906,38.150001525878906,38.150001525878906,0
2025-02-03,38.900001525878906,39.20000076293945,37.20000076293945,37.95000076293945,37.95000076293945,143592266
2025-02-04,38.70000076293945,40.099998474121094,38.5,39.54999923706055,39.54999923706055,141166344
2025-02-05,39.95000076293945,39.95000076293945,38.70000076293945,39.650001525878906,39.650001525878906,165406601
2025-02-06,39.79999923706055,40.70000076293945,39.400001525878906,40.54999923706055,40.54999923706055,174418873
2025-02-07,40.70000076293945,43.04999923706055,40.54999923706055,42.45000076293945,42.45000076293945,282921470
2025-02-10,42.70000076293945,43.95000076293945,42.150001525878906,43.75,43.75,178623301
2025-02-11,44.0,44.29999923706055,42.25,42.54999923706055,42.54999923706055,210014328
2025-02-12,43.900001525878906,44.54999923706055,42.650001525878906,44.099998474121094,44.099998474121094,196220080
2025-02-13,43.900001525878906,44.599998474121094,41.20000076293945,41.650001525878906,41.650001525878906,382423053
2025-02-14,42.400001525878906,44.900001525878906,42.04999923706055,44.70000076293945,44.70000076293945,349956076
2025-02-17,45.0,45.45000076293945,43.54999923706055,45.150001525878906,45.150001525878906,273310085
2025-02-18,45.150001525878906,48.400001525878906,44.70000076293945,48.400001525878906,48.400001525878906,325734161
2025-02-19,48.0,49.5,47.0,49.45000076293945,49.45000076293945,243337561
2025-02-20,49.45000076293945,50.900001525878906,48.0,49.150001525878906,49.150001525878906,275542159
2025-02-21,50.04999923706055,51.95000076293945,49.70000076293945,51.70000076293945,51.70000076293945,308362585
2025-02-24,52.20000076293945,52.349998474121094,51.04999923706055,51.599998474121094,51.599998474121094,208345620
2025-02-25,49.79999923706055,53.900001525878906,49.79999923706055,53.20000076293945,53.20000076293945,332349383
2025-02-26,54.25,56.79999923706055,53.099998474121094,56.29999923706055,56.29999923706055,395453828
2025-02-27,56.599998474121094,58.70000076293945,51.400001525878906,53.099998474121094,53.099998474121094,842011809
2025-02-28,55.75,55.75,50.650001525878906,51.849998474121094,51.849998474121094,667093154
2025-03-03,52.900001525878906,53.0,49.54999923706055,50.95000076293945,50.95000076293945,466253103
2025-03-04,49.04999923706055,51.599998474121094,48.650001525878906,50.54999923706055,50.54999923706055,338725813
2025-03-05,52.0,54.20000076293945,51.29999923706055,54.20000076293945,54.20000076293945,337625486
2025-03-06,55.29999923706055,56.29999923706055,53.849998474121094,54.900001525878906,54.900001525878906,375438239
2025-03-07,54.599998474121094,55.5,53.099998474121094,54.349998474121094,54.349998474121094,355629253
2025-03-10,54.0,54.5,52.349998474121094,52.849998474121094,52.849998474121094,223961425
2025-03-11,50.849998474121094,54.0,50.70000076293945,53.900001525878906,53.900001525878906,223343033
2025-03-12,53.849998474121094,54.70000076293945,51.5,52.04999923706055,52.04999923706055,241938609
2025-03-13,52.04999923706055,53.400001525878906,51.599998474121094,52.849998474121094,52.849998474121094,187000372
2025-03-14,53.0,54.599998474121094,52.54999923706055,53.849998474121094,53.849998474121094,229901198
2025-03-17,54.349998474121094,55.79999923706055,53.29999923706055,55.79999923706055,55.79999923706055,221496225
2025-03-18,56.75,57.95000076293945,56.150001525878906,57.650001525878906,57.650001525878906,258147732
2025-03-19,57.0,59.45000076293945,56.400001525878906,58.20000076293945,58.20000076293945,371387356
2025-03-20,58.0,58.650001525878906,56.099998474121094,56.5,56.5,254323500
2025-03-21,56.599998474121094,56.849998474121094,54.04999923706055,54.70000076293945,54.70000076293945,271392247
2025-03-24,55.25,57.099998474121094,54.900001525878906,57.0,57.0,206959960
2025-03-25,53.849998474121094,55.0,53.25,53.400001525878906,53.400001525878906,1341045814
2025-03-26,53.5,54.29999923706055,53.5,53.95000076293945,53.95000076293945,180066074
2025-03-27,53.900001525878906,54.04999923706055,51.400001525878906,51.70000076293945,51.70000076293945,359693846
2025-03-28,51.0,52.150001525878906,49.599998474121094,51.04999923706055,51.04999923706055,369242633
2025-03-31,50.150001525878906,50.70000076293945,48.45000076293945,49.20000076293945,49.20000076293945,342788934
2025-04-01,49.400001525878906,50.0,46.099998474121094,46.5,46.5,590405454
2025-04-02,46.0,47.5,44.400001525878906,44.54999923706055,44.54999923706055,635758232
2025-04-03,43.79999923706055,46.599998474121094,43.45000076293945,45.900001525878906,45.900001525878906,449295312
2025-04-07,40.20000076293945,43.25,36.04999923706055,36.45000076293945,36.45000076293945,1037869822
2025-04-08,38.54999923706055,39.849998474121094,37.45000076293945,38.900001525878906,38.900001525878906,715006887
2025-04-09,37.79999923706055,42.400001525878906,36.599998474121094,41.900001525878906,41.900001525878906,679302084
2025-04-10,44.79999923706055,45.0,42.599998474121094,43.04999923706055,43.04999923706055,526260423
2025-04-11,42.75,45.45000076293945,42.150001525878906,44.25,44.25,357167818
2025-04-14,45.20000076293945,45.45000076293945,42.25,43.20000076293945,43.20000076293945,422983277
2025-04-15,43.75,43.849998474121094,42.04999923706055,43.099998474121094,43.099998474121094,164977321
2025-04-16,42.5,42.95000076293945,40.20000076293945,41.25,41.25,315328932
2025-04-17,41.25,42.25,40.5,41.95000076293945,41.95000076293945,190654146
2025-04-22,42.45000076293945,44.70000076293945,42.20000076293945,44.400001525878906,44.400001525878906,280722543
2025-04-23,46.75,47.95000076293945,45.70000076293945,47.45000076293945,47.45000076293945,365404799
2025-04-24,48.0,48.70000076293945,46.95000076293945,48.20000076293945,48.20000076293945,238445758
2025-04-25,48.54999923706055,48.650001525878906,47.04999923706055,47.70000076293945,47.70000076293945,166617135
2025-04-28,48.0,48.349998474121094,47.20000076293945,47.5,47.5,90590615
2025-04-29,47.95000076293945,47.95000076293945,47.0,47.45000076293945,47.45000076293945,101336853
2025-04-30,47.25,50.0,46.79999923706055,49.95000076293945,49.95000076293945,241882505
2025-05-02,50.5,53.099998474121094,50.0,53.099998474121094,53.099998474121094,140470309
2025-05-06,53.099998474121094,53.150001525878906,51.400001525878906,51.54999923706055,51.54999923706055,187805038
2025-05-07,52.599998474121094,53.5,50.04999923706055,50.099998474121094,50.099998474121094,236141700
2025-05-08,49.79999923706055,51.900001525878906,49.650001525878906,50.79999923706055,50.79999923706055,154551212
2025-05-09,51.099998474121094,51.45000076293945,50.25,51.349998474121094,51.349998474121094,99875196
2025-05-12,51.45000076293945,51.45000076293945,48.400001525878906,50.599998474121094,50.599998474121094,356285408
2025-05-13,50.79999923706055,50.79999923706055,48.20000076293945,48.650001525878906,48.650001525878906,220529075
2025-05-14,49.150001525878906,50.45000076293945,48.650001525878906,50.400001525878906,50.400001525878906,174012139
2025-05-15,50.400001525878906,51.900001525878906,49.70000076293945,50.150001525878906,50.150001525878906,155216057
2025-05-16,50.0,51.29999923706055,49.79999923706055,51.0,51.0,121417523
2025-05-19,50.29999923706055,52.45000076293945,49.0,52.349998474121094,52.349998474121094,217541110
2025-05-20,53.0,54.79999923706055,52.79999923706055,54.79999923706055,54.79999923706055,228019851
2025-05-21,54.95000076293945,55.70000076293945,53.70000076293945,54.45000076293945,54.45000076293945,189822108
2025-05-22,54.70000076293945,55.0,52.849998474121094,53.20000076293945,53.20000076293945,199909799
2025-05-23,53.29999923706055,53.900001525878906,52.70000076293945,53.0,53.0,154706274
2025-05-26,52.599998474121094,52.79999923706055,51.04999923706055,51.29999923706055,51.29999923706055,146415432
2025-05-27,51.0,52.099998474121094,50.5,51.54999923706055,51.54999923706055,125291611
2025-05-28,52.75,53.29999923706055,51.5,51.75,51.75,202977342
2025-05-29,51.75,52.45000076293945,51.04999923706055,51.70000076293945,51.70000076293945,141573959
2025-05-30,51.0,51.349998474121094,49.79999923706055,50.95000076293945,50.95000076293945,206927837
2025-06-02,50.0,51.900001525878906,49.599998474121094,51.599998474121094,51.599998474121094,90313999
2025-06-03,52.20000076293945,53.29999923706055,51.650001525878906,53.20000076293945,53.20000076293945,166500674
2025-06-04,53.5,54.70000076293945,52.849998474121094,53.45000076293945,53.45000076293945,176765410
2025-06-05,54.0,54.25,53.29999923706055,54.25,54.25,130837735
2025-06-06,54.5,54.5,52.79999923706055,53.099998474121094,53.099998474121094,125424396
2025-06-09,53.70000076293945,54.25,52.849998474121094,54.150001525878906,54.150001525878906,122376420
2025-06-10,54.70000076293945,54.70000076293945,52.849998474121094,53.45000076293945,53.45000076293945,115707297
2025-06-11,53.45000076293945,54.79999923706055,53.349998474121094,54.099998474121094,54.099998474121094,147412093
2025-06-12,53.5,53.95000076293945,52.04999923706055,52.20000076293945,52.20000076293945,142552461
2025-06-13,51.900001525878906,52.0,50.79999923706055,51.95000076293945,51.95000076293945,176077650
2025-06-16,51.95000076293945,54.5,51.5,54.150001525878906,54.150001525878906,220357669
2025-06-17,54.20000076293945,54.5,53.599998474121094,54.0,54.0,71275572
2025-06-18,53.75,54.20000076293945,53.45000076293945,53.79999923706055,53.79999923706055,64270680
2025-06-19,53.599998474121094,54.099998474121094,52.70000076293945,53.04999923706055,53.04999923706055,92603544
2025-06-20,53.25,54.04999923706055,53.0,54.04999923706055,54.04999923706055,88197055
2025-06-23,54.0,54.95000076293945,53.150001525878906,54.849998474121094,54.849998474121094,138863960
2025-06-24,55.20000076293945,57.20000076293945,55.150001525878906,56.900001525878906,56.900001525878906,222470141
2025-06-25,57.45000076293945,57.45000076293945,56.400001525878906,56.650001525878906,56.650001525878906,146460085
2025-06-26,57.150001525878906,57.20000076293945,56.04999923706055,56.900001525878906,56.900001525878906,126954433
2025-06-27,61.45000076293945,61.45000076293945,58.20000076293945,58.95000076293945,58.95000076293945,481216668
2025-06-30,59.5,60.0,57.5,59.95000076293945,59.95000076293945,260498936
2025-07-02,60.400001525878906,60.45000076293945,59.599998474121094,60.150001525878906,60.150001525878906,140611857
2025-07-03,59.75,60.04999923706055,57.04999923706055,58.099998474121094,58.099998474121094,234219003
2025-07-04,57.5,58.20000076293945,56.599998474121094,57.5,57.5,132200659
2025-07-07,56.900001525878906,57.400001525878906,56.400001525878906,57.29999923706055,57.29999923706055,81234333
2025-07-08,57.400001525878906,58.95000076293945,57.25,58.650001525878906,58.650001525878906,101372801
2025-07-09,58.20000076293945,58.79999923706055,57.099998474121094,57.400001525878906,57.400001525878906,100963784
2025-07-10,57.5,57.75,56.70000076293945,56.900001525878906,56.900001525878906,96327664
2025-07-11,57.5,58.20000076293945,57.25,57.349998474121094,57.349998474121094,88544316
2025-07-14,57.5,57.79999923706055,56.79999923706055,57.29999923706055,57.29999923706055,73284998
2025-07-15,57.29999923706055,58.29999923706055,56.54999923706055,57.650001525878906,57.650001525878906,125984834
2025-07-16,58.20000076293945,58.400001525878906,57.0,57.29999923706055,57.29999923706055,103019857
2025-07-17,57.099998474121094,57.25,55.79999923706055,56.150001525878906,56.150001525878906,165115655
2025-07-18,56.5,57.0,55.849998474121094,57.0,57.0,96759733
2025-07-21,56.400001525878906,58.400001525878906,56.400001525878906,57.75,57.75,124108750
2025-07-22,57.900001525878906,58.150001525878906,57.5,57.95000076293945,57.95000076293945,69281026
2025-07-23,58.349998474121094,58.45000076293945,57.650001525878906,58.400001525878906,58.400001525878906,109878070
2025-07-24,58.25,58.75,58.0,58.45000076293945,58.45000076293945,83030716
2025-07-25,58.400001525878906,58.400001525878906,57.04999923706055,57.400001525878906,57.400001525878906,115972199
2025-07-28,57.29999923706055,57.400001525878906,56.54999923706055,56.79999923706055,56.79999923706055,111282561
2025-07-29,56.650001525878906,56.70000076293945,54.5,55.29999923706055,55.29999923706055,244366193
2025-07-30,55.0,55.650001525878906,54.54999923706055,54.75,54.75,134783729
2025-07-31,54.29999923706055,54.650001525878906,53.04999923706055,53.150001525878906,53.150001525878906,192541289
2025-08-01,52.79999923706055,54.20000076293945,52.5,53.400001525878906,53.400001525878906,125345524
2025-08-04,53.400001525878906,54.79999923706055,53.349998474121094,54.54999923706055,54.54999923706055,98427945
2025-08-05,54.650001525878906,55.349998474121094,54.099998474121094,54.29999923706055,54.29999923706055,93018842
2025-08-06,54.150001525878906,54.25,53.650001525878906,54.0,54.0,60265442
2025-08-07,52.150001525878906,52.79999923706055,51.20000076293945,51.849998474121094,51.849998474121094,314366077
2025-08-08,51.400001525878906,51.900001525878906,51.150001525878906,51.25,51.25,137470985
2025-08-11,51.04999923706055,51.45000076293945,50.650001525878906,50.79999923706055,50.79999923706055,126045702
2025-08-12,50.54999923706055,52.099998474121094,50.099998474121094,51.70000076293945,51.70000076293945,143542082
2025-08-13,52.29999923706055,53.29999923706055,51.75,53.25,53.25,153181037
2025-08-14,53.95000076293945,53.95000076293945,52.75,53.20000076293945,53.20000076293945,108675681
2025-08-15,52.599998474121094,53.0,52.20000076293945,52.849998474121094,52.849998474121094,109819085
2025-08-18,52.75,53.79999923706055,52.29999923706055,53.04999923706055,53.04999923706055,116003641
2025-08-19,53.5,53.54999923706055,52.20000076293945,52.400001525878906,52.400001525878906,113367681
2025-08-20,51.20000076293945,53.0,51.04999923706055,52.54999923706055,52.54999923706055,158096364
2025-08-21,52.54999923706055,52.54999923706055,51.099998474121094,51.349998474121094,51.349998474121094,146082650
2025-08-22,52.0,52.79999923706055,51.54999923706055,52.54999923706055,52.54999923706055,136883366
2025-08-25,53.0,53.900001525878906,52.5,53.5,53.5,177494474
2025-08-26,53.5,53.900001525878906,53.04999923706055,53.5,53.5,99660025
2025-08-27,53.900001525878906,54.650001525878906,52.95000076293945,53.20000076293945,53.20000076293945,142623874
2025-08-28,53.20000076293945,53.45000076293945,52.099998474121094,53.099998474121094,53.099998474121094,122487011
2025-08-29,52.900001525878906,53.900001525878906,52.29999923706055,52.849998474121094,52.849998474121094,124328553
2025-09-01,53.70000076293945,54.349998474121094,53.45000076293945,54.0,54.0,150727171
2025-09-02,54.04999923706055,56.650001525878906,53.5,55.849998474121094,55.849998474121094,258956888
2025-09-03,56.95000076293945,56.95000076293945,54.5,54.70000076293945,54.70000076293945,135032978
2025-09-04,55.099998474121094,55.29999923706055,53.29999923706055,53.45000076293945,53.45000076293945,105461452
2025-09-05,54.0,54.0,52.95000076293945,53.650001525878906,53.650001525878906,106533001
2025-09-08,53.79999923706055,54.900001525878906,53.349998474121094,54.75,54.75,104793576
2025-09-09,54.400001525878906,56.20000076293945,53.79999923706055,56.20000076293945,56.20000076293945,173784267
2025-09-10,56.04999923706055,56.349998474121094,54.79999923706055,54.95000076293945,54.95000076293945,141897510
2025-09-11,54.599998474121094,55.04999923706055,53.54999923706055,54.650001525878906,54.650001525878906,120401766
2025-09-12,55.29999923706055,55.650001525878906,54.5,55.150001525878906,55.150001525878906,137019643
2025-09-15,55.29999923706055,56.5,54.900001525878906,56.20000076293945,56.20000076293945,127441311
2025-09-16,56.5,57.0,56.150001525878906,56.45000076293945,56.45000076293945,107755148
2025-09-17,56.849998474121094,57.95000076293945,56.650001525878906,57.849998474121094,57.849998474121094,172994425
2025-09-18,57.29999923706055,58.400001525878906,55.79999923706055,56.849998474121094,56.849998474121094,182477097
2025-09-19,57.400001525878906,57.400001525878906,55.70000076293945,56.70000076293945,56.70000076293945,174859789
2025-09-22,56.25,56.650001525878906,55.599998474121094,56.099998474121094,56.099998474121094,108494957
2025-09-23,56.349998474121094,56.400001525878906,55.0,55.45000076293945,55.45000076293945,84350249
2025-09-24,55.45000076293945,57.099998474121094,55.04999923706055,56.900001525878906,56.900001525878906,118307200
2025-09-25,56.900001525878906,59.900001525878906,56.70000076293945,59.45000076293945,59.45000076293945,328411483
2025-09-26,59.0,59.0,54.29999923706055,54.650001525878906,54.650001525878906,415512054
2025-09-29,55.5,55.95000076293945,52.70000076293945,53.54999923706055,53.54999923706055,332142837
2025-09-30,54.0,54.400001525878906,53.20000076293945,54.0,54.0,211943325
2025-10-02,54.150001525878906,56.5,54.150001525878906,55.79999923706055,55.79999923706055,101931615
2025-10-03,55.79999923706055,56.54999923706055,54.599998474121094,55.0,55.0,62150942
2025-10-06,54.5,54.79999923706055,53.599998474121094,53.849998474121094,53.849998474121094,52592486
2025-10-08,53.849998474121094,54.150001525878906,53.04999923706055,53.849998474121094,53.849998474121094,84169990
2025-10-09,54.04999923706055,54.70000076293945,53.20000076293945,53.349998474121094,53.349998474121094,127345006
2025-10-10,52.79999923706055,52.95000076293945,51.70000076293945,52.04999923706055,52.04999923706055,168448674
2025-10-13,49.70000076293945,50.900001525878906,47.5,49.08000183105469,49.08000183105469,488936850
2025-10-14,49.2599983215332,50.45000076293945,48.220001220703125,48.619998931884766,48.619998931884766,219783395
2025-10-15,49.459999084472656,49.86000061035156,48.959999084472656,49.47999954223633,49.47999954223633,119162669
2025-10-16,49.65999984741211,49.70000076293945,47.31999969482422,47.70000076293945,47.70000076293945,248814161
2025-10-17,47.540000915527344,47.880001068115234,45.7400016784668,45.959999084472656,45.959999084472656,264728170
2025-10-20,46.97999954223633,47.68000030517578,46.619998931884766,47.13999938964844,47.13999938964844,139718028
2025-10-21,48.13999938964844,48.13999938964844,46.29999923706055,46.459999084472656,46.459999084472656,164163711
2025-10-22,46.0,46.7400016784668,45.70000076293945,46.34000015258789,46.34000015258789,121391262
2025-10-23,46.02000045776367,47.08000183105469,45.70000076293945,46.7400016784668,46.7400016784668,106829656
2025-10-24,47.099998474121094,47.400001525878906,45.7400016784668,45.91999816894531,45.91999816894531,170946122
2025-10-27,45.720001220703125,46.0,43.880001068115234,45.79999923706055,45.79999923706055,282836746
2025-10-28,45.400001525878906,45.47999954223633,44.29999923706055,44.91999816894531,44.91999816894531,184222833
2025-10-30,44.560001373291016,45.0,43.5,44.15999984741211,44.15999984741211,246926143
2025-10-31,43.599998474121094,44.040000915527344,43.20000076293945,43.20000076293945,43.20000076293945,139914873
2025-11-03,43.79999923706055,45.08000183105469,43.79999923706055,44.720001220703125,44.720001220703125,210374637
2025-11-04,44.720001220703125,44.900001525878906,43.279998779296875,43.41999816894531,43.41999816894531,136346196
2025-11-05,42.599998474121094,43.31999969482422,42.15999984741211,43.31999969482422,43.31999969482422,127723032
2025-11-06,43.619998931884766,43.70000076293945,42.91999816894531,43.439998626708984,43.439998626708984,122167159
2025-11-07,43.20000076293945,43.20000076293945,41.91999816894531,42.2400016784668,42.2400016784668,175915458
2025-11-10,42.2400016784668,42.86000061035156,41.68000030517578,42.36000061035156,42.36000061035156,163981822
2025-11-11,42.63999938964844,43.41999816894531,42.36000061035156,42.97999954223633,42.97999954223633,152392565
2025-11-12,43.400001525878906,44.619998931884766,42.86000061035156,43.70000076293945,43.70000076293945,219603402
2025-11-13,43.7599983215332,44.2400016784668,42.900001525878906,43.5,43.5,158595312
2025-11-14,42.599998474121094,42.86000061035156,42.279998779296875,42.36000061035156,42.36000061035156,139429210
2025-11-17,42.400001525878906,42.779998779296875,41.70000076293945,41.959999084472656,41.959999084472656,131317369
2025-11-18,41.779998779296875,41.779998779296875,40.52000045776367,40.779998779296875,40.779998779296875,214473888
2025-11-19,40.0,40.97999954223633,38.220001220703125,38.81999969482422,38.81999969482422,480542429
2025-11-20,38.79999923706055,38.86000061035156,37.29999923706055,37.70000076293945,37.70000076293945,348136827
2025-11-21,36.79999923706055,38.900001525878906,36.619998931884766,38.08000183105469,38.08000183105469,417607492
2025-11-24,38.79999923706055,38.939998626708984,37.7599983215332,38.65999984741211,38.65999984741211,236144311
2025-11-25,39.79999923706055,41.099998474121094,39.58000183105469,40.34000015258789,40.34000015258789,317034207
2025-11-26,40.58000183105469,41.119998931884766,39.900001525878906,40.099998474121094,40.099998474121094,200500143
2025-11-27,40.2400016784668,41.79999923706055,40.220001220703125,41.099998474121094,41.099998474121094,209296970
2025-11-28,41.18000030517578,41.20000076293945,40.619998931884766,41.02000045776367,41.02000045776367,85614446
2025-12-01,41.2400016784668,41.279998779296875,39.84000015258789,40.29999923706055,40.29999923706055,195409729
2025-12-02,40.540000915527344,41.29999923706055,40.08000183105469,40.70000076293945,40.70000076293945,140246380
2025-12-03,40.70000076293945,40.939998626708984,40.099998474121094,40.220001220703125,40.220001220703125,107270957
2025-12-04,40.34000015258789,42.15999984741211,40.18000030517578,41.97999954223633,41.97999954223633,186514763
2025-12-05,41.70000076293945,43.18000030517578,41.29999923706055,42.779998779296875,42.779998779296875,274587981
2025-12-08,42.91999816894531,43.63999938964844,42.02000045776367,42.58000183105469,42.58000183105469,242628730
2025-12-09,42.47999954223633,42.880001068115234,41.02000045776367,41.2599983215332,41.2599983215332,182989838
2025-12-10,41.31999969482422,41.939998626708984,40.86000061035156,41.779998779296875,41.779998779296875,113257196
2025-12-11,41.779998779296875,42.459999084472656,41.599998474121094,42.18000030517578,42.18000030517578,123140679
2025-12-12,42.65999984741211,43.599998474121094,42.18000030517578,42.959999084472656,42.959999084472656,243323268
2025-12-15,42.29999923706055,42.599998474121094,41.720001220703125,41.84000015258789,41.84000015258789,132614562
2025-12-16,41.29999923706055,41.5,40.29999923706055,40.900001525878906,40.900001525878906,145947185
2025-12-17,41.279998779296875,41.459999084472656,40.400001525878906,41.220001220703125,41.220001220703125,101356700
2025-12-18,40.380001068115234,40.439998626708984,39.900001525878906,40.20000076293945,40.20000076293945,128195819
2025-12-19,40.439998626708984,40.63999938964844,39.900001525878906,40.540000915527344,40.540000915527344,108587118
2025-12-22,40.380001068115234,40.619998931884766,39.5,39.79999923706055,39.79999923706055,165917014
2025-12-23,39.70000076293945,39.7599983215332,39.060001373291016,39.20000076293945,39.20000076293945,127074303
2025-12-24,39.20000076293945,39.20000076293945,39.20000076293945,39.20000076293945,39.20000076293945,0
2025-12-29,38.68000030517578,39.959999084472656,37.939998626708984,38.58000183105469,38.58000183105469,195594721
2025-12-30,38.58000183105469,39.720001220703125,38.459999084472656,39.36000061035156,39.36000061035156,107157354
2025-12-31,39.20000076293945,39.20000076293945,39.20000076293945,39.20000076293945,39.20000076293945,0
2026-01-02,39.400001525878906,40.5,39.220001220703125,40.279998779296875,40.279998779296875,61202300
2026-01-05,40.599998474121094,40.599998474121094,39.13999938964844,39.34000015258789,39.34000015258789,159063197
2026-01-06,39.220001220703125,39.400001525878906,38.7400016784668,38.7599983215332,38.7599983215332,196715183
2026-01-07,38.7599983215332,39.20000076293945,38.02000045776367,38.15999984741211,38.15999984741211,190926334
2026-01-08,38.0,38.18000030517578,37.29999923706055,38.02000045776367,38.02000045776367,173278787
2026-01-09,38.08000183105469,38.5,37.63999938964844,37.81999969482422,37.81999969482422,124268815
2026-01-12,37.7400016784668,38.7599983215332,37.18000030517578,38.7400016784668,38.7400016784668,213876786
2026-01-13,39.279998779296875,39.47999954223633,37.880001068115234,37.97999954223633,37.97999954223633,209118651
2026-01-14,37.97999954223633,38.47999954223633,37.58000183105469,37.779998779296875,37.779998779296875,176626667
2026-01-15,37.779998779296875,38.2400016784668,37.36000061035156,37.86000061035156,37.86000061035156,116208908
2026-01-16,38.0,38.36000061035156,37.0,37.099998474121094,37.099998474121094,197999131
2026-01-19,36.619998931884766,36.81999969482422,36.220001220703125,36.47999954223633,36.47999954223633,182457077
2026-01-20,36.02000045776367,36.63999938964844,35.439998626708984,35.47999954223633,35.47999954223633,224571684
2026-01-21,35.099998474121094,35.7400016784668,34.5,35.41999816894531,35.41999816894531,266881560
2026-01-22,35.7400016784668,35.79999923706055,34.720001220703125,35.2400016784668,35.2400016784668,134701337
2026-01-23,35.5,36.439998626708984,35.5,36.2400016784668,36.2400016784668,178365582
2026-01-26,36.36000061035156,36.36000061035156,35.02000045776367,35.220001220703125,35.220001220703125,156493519
2026-01-27,35.2400016784668,35.7599983215332,35.0,35.560001373291016,35.560001373291016,113268822
2026-01-28,35.560001373291016,36.31999969482422,35.380001068115234,36.31999969482422,36.31999969482422,149736767
2026-01-29,35.959999084472656,37.5,35.619998931884766,36.619998931884766,36.619998931884766,181865895
2026-01-30,36.20000076293945,36.400001525878906,35.5,35.5,35.5,142212291
2026-02-02,35.20000076293945,35.36000061035156,34.36000061035156,35.060001373291016,35.060001373291016,184610777
2026-02-03,34.81999969482422,35.279998779296875,34.36000061035156,34.599998474121094,34.599998474121094,141720849
2026-02-04,34.52000045776367,34.599998474121094,33.70000076293945,33.959999084472656,33.959999084472656,181137056
2026-02-05,33.79999923706055,35.13999938964844,33.31999969482422,34.91999816894531,34.91999816894531,203360331
2026-02-06,34.31999969482422,35.47999954223633,34.29999923706055,35.18000030517578,35.18000030517578,134239254
2026-02-09,35.380001068115234,35.619998931884766,34.97999954223633,35.20000076293945,35.20000076293945,123593633
2026-02-10,35.5,36.15999984741211,35.459999084472656,35.58000183105469,35.58000183105469,107406481
2026-02-11,35.79999923706055,37.5,35.52000045776367,37.099998474121094,37.099998474121094,223116919
2026-02-12,37.099998474121094,37.2599983215332,36.29999923706055,36.52000045776367,36.52000045776367,143588099
2026-02-13,36.29999923706055,37.0,35.779998779296875,36.84000015258789,36.84000015258789,127717263
2026-02-16,36.5,36.5,36.5,36.5,36.5,0
2026-02-20,36.65999984741211,36.86000061035156,35.31999969482422,35.36000061035156,35.36000061035156,93269892
2026-02-23,35.86000061035156,36.7599983215332,35.70000076293945,36.560001373291016,36.560001373291016,85749873
2026-02-24,36.08000183105469,36.47999954223633,35.439998626708984,35.7400016784668,35.7400016784668,142300259
2026-02-25,35.7400016784668,36.02000045776367,35.439998626708984,35.599998474121094,35.599998474121094,95406041
2026-02-26,35.7599983215332,36.29999923706055,35.18000030517578,35.18000030517578,35.18000030517578,122377342
2026-02-27,34.900001525878906,35.2400016784668,34.619998931884766,34.900001525878906,34.900001525878906,136362387
2026-03-02,34.20000076293945,34.36000061035156,33.0,33.13999938964844,33.13999938964844,316564745
2026-03-03,33.13999938964844,33.15999984741211,31.459999084472656,31.579999923706055,31.579999923706055,279341876
2026-03-04,31.459999084472656,32.560001373291016,31.200000762939453,32.0,32.0,205303841
2026-03-05,32.560001373291016,33.040000915527344,32.099998474121094,32.20000076293945,32.20000076293945,134042468
2026-03-06,32.47999954223633,34.13999938964844,31.979999542236328,33.41999816894531,33.41999816894531,293556057
2026-03-09,32.68000030517578,33.81999969482422,32.560001373291016,33.68000030517578,33.68000030517578,176802011
2026-03-10,34.560001373291016,34.560001373291016,33.2400016784668,33.619998931884766,33.619998931884766,144887256
2026-03-11,33.619998931884766,33.97999954223633,33.13999938964844,33.34000015258789,33.34000015258789,127324683
2026-03-12,33.08000183105469,33.720001220703125,33.0,33.29999923706055,33.29999923706055,78757356
2026-03-13,33.29999923706055,33.68000030517578,32.779998779296875,33.31999969482422,33.31999969482422,90631843
2026-03-16,33.52000045776367,35.279998779296875,33.400001525878906,35.20000076293945,35.20000076293945,227090440
2026-03-17,35.400001525878906,36.619998931884766,35.220001220703125,35.36000061035156,35.36000061035156,206256757
2026-03-18,35.380001068115234,35.79999923706055,34.560001373291016,35.13999938964844,35.13999938964844,138424731
2026-03-19,36.060001373291016,37.18000030517578,35.70000076293945,36.31999969482422,36.31999969482422,348023057
2026-03-20,35.5,35.63999938964844,33.20000076293945,33.20000076293945,33.20000076293945,396613712
2026-03-23,32.900001525878906,33.040000915527344,31.6200008392334,32.060001373291016,32.060001373291016,252029044
2026-03-24,32.400001525878906,32.86000061035156,32.060001373291016,32.68000030517578,32.68000030517578,167841875
2026-03-25,32.040000915527344,32.939998626708984,31.520000457763672,32.52000045776367,32.52000045776367,313561967
2026-03-26,32.36000061035156,33.18000030517578,32.220001220703125,32.439998626708984,32.439998626708984,200494255
2026-03-27,32.29999923706055,33.400001525878906,31.920000076293945,33.0,33.0,143817444
2026-03-30,32.29999923706055,32.619998931884766,32.040000915527344,32.380001068115234,32.380001068115234,146061694
2026-03-31,32.380001068115234,32.86000061035156,31.520000457763672,31.760000228881836,31.760000228881836,173246657
2026-04-01,32.36000061035156,32.63999938964844,31.579999923706055,32.02000045776367,32.02000045776367,158899200
2026-04-02,31.700000762939453,31.719999313354492,30.520000457763672,30.8799991607666,30.8799991607666,260224828
2026-04-08,31.540000915527344,32.7599983215332,31.540000915527344,32.7599983215332,32.7599983215332,256433453
2026-04-09,32.31999969482422,32.34000015258789,31.280000686645508,31.360000610351562,31.360000610351562,168319928
2026-04-10,31.420000076293945,31.959999084472656,30.84000015258789,30.899999618530273,30.899999618530273,168300156
2026-04-13,30.700000762939453,30.760000228881836,30.260000228881836,30.65999984741211,30.65999984741211,118774442
2026-04-14,31.15999984741211,31.260000228881836,30.440000534057617,30.8799991607666,30.8799991607666,108582040
2026-04-15,31.200000762939453,31.34000015258789,30.639999389648438,30.899999618530273,30.899999618530273,105366843
2026-04-16,31.059999465942383,32.220001220703125,31.059999465942383,32.060001373291016,32.060001373291016,183635718
2026-04-17,31.780000686645508,32.18000030517578,31.31999969482422,32.0,32.0,119020532
2026-04-20,32.02000045776367,32.939998626708984,31.84000015258789,32.31999969482422,32.31999969482422,125873323
2026-04-21,32.31999969482422,32.58000183105469,32.02000045776367,32.400001525878906,32.400001525878906,72569687
2026-04-22,32.18000030517578,32.20000076293945,31.719999313354492,31.799999237060547,31.799999237060547,81506568
2026-04-23,31.799999237060547,31.799999237060547,30.84000015258789,31.18000030517578,31.18000030517578,135471125
2026-04-24,31.0,31.34000015258789,30.799999237060547,31.200000762939453,31.200000762939453,77321253
2026-04-27,31.200000762939453,31.34000015258789,30.6200008392334,31.100000381469727,31.100000381469727,88584715
2026-04-28,31.100000381469727,31.200000762939453,29.899999618530273,29.920000076293945,29.920000076293945,211802864
2026-04-29,29.920000076293945,30.360000610351562,29.700000762939453,30.139999389648438,30.139999389648438,167446422
2026-04-30,29.81999969482422,29.8799991607666,28.799999237060547,29.020000457763672,29.020000457763672,284581634
2026-05-04,29.059999465942383,32.13999938964844,29.059999465942383,30.979999542236328,30.979999542236328,234369711
2026-05-05,30.799999237060547,30.920000076293945,29.84000015258789,30.459999084472656,30.459999084472656,110953102
2026-05-06,30.520000457763672,31.18000030517578,30.299999237060547,30.81999969482422,30.81999969482422,208359203
2026-05-07,31.219999313354492,31.479999542236328,30.760000228881836,31.1200008392334,31.1200008392334,142253475
2026-05-08,31.020000457763672,31.920000076293945,30.860000610351562,31.68000030517578,31.68000030517578,132137552
2026-05-11,31.520000457763672,32.0,31.079999923706055,31.700000762939453,31.700000762939453,113289085
2026-05-12,31.700000762939453,32.099998474121094,31.360000610351562,31.459999084472656,31.459999084472656,96395374
2026-05-13,31.520000457763672,32.08000183105469,31.1200008392334,31.799999237060547,31.799999237060547,102172260
2026-05-14,32.5,32.880001068115234,31.719999313354492,31.719999313354492,31.719999313354492,160864410
2026-05-15,31.600000381469727,31.719999313354492,30.459999084472656,30.700000762939453,30.700000762939453,152641980
2026-05-18,31.0,31.059999465942383,30.139999389648438,30.65999984741211,30.65999984741211,116608436
2026-05-19,30.68000030517578,31.059999465942383,30.34000015258789,30.639999389648438,30.639999389648438,89701522
2026-05-20,30.540000915527344,30.540000915527344,29.860000610351562,30.139999389648438,30.139999389648438,109868643
2026-05-21,30.200000762939453,30.600000381469727,29.420000076293945,29.65999984741211,29.65999984741211,117068449
2026-05-22,30.079999923706055,30.18000030517578,29.739999771118164,30.0,30.0,100960958
2026-05-26,30.0,30.520000457763672,29.299999237060547,29.760000228881836,29.760000228881836,148283733
2026-05-27,29.600000381469727,30.68000030517578,28.239999771118164,28.399999618530273,28.399999618530273,283417486
2026-05-28,28.34000015258789,28.760000228881836,27.5,28.559999465942383,28.559999465942383,238003859
2026-05-29,28.559999465942383,28.6200008392334,27.520000457763672,28.040000915527344,28.040000915527344,248812612
2026-06-01,28.040000915527344,28.959999084472656,28.040000915527344,28.719999313354492,28.719999313354492,164616523
2026-06-02,28.799999237060547,29.739999771118164,28.600000381469727,29.6200008392334,29.6200008392334,178513477
2026-06-03,29.5,29.68000030517578,28.540000915527344,28.579999923706055,28.579999923706055,142370227
2026-06-04,28.6200008392334,28.760000228881836,28.059999465942383,28.3799991607666,28.3799991607666,88262656
2026-06-05,28.6200008392334,28.739999771118164,27.799999237060547,27.799999237060547,27.799999237060547,154054795
2026-06-08,27.34000015258789,28.100000381469727,26.979999542236328,27.3799991607666,27.3799991607666,152036878
2026-06-09,27.100000381469727,27.459999084472656,26.979999542236328,27.200000762939453,27.200000762939453,103973917
2026-06-10,27.020000457763672,27.020000457763672,25.780000686645508,26.31999969482422,26.31999969482422,226252092
2026-06-11,26.200000762939453,26.459999084472656,25.579999923706055,25.84000015258789,25.84000015258789,124356371
2026-06-12,26.059999465942383,26.5,25.959999084472656,26.200000762939453,26.200000762939453,131880583
2026-06-15,26.700000762939453,26.780000686645508,26.18000030517578,26.260000228881836,26.260000228881836,94789343
2026-06-16,26.260000228881836,26.360000610351562,25.5,25.65999984741211,25.65999984741211,113820644
2026-06-17,25.639999389648438,25.780000686645508,25.139999389648438,25.420000076293945,25.420000076293945,109311095
2026-06-18,25.100000381469727,25.100000381469727,24.360000610351562,24.579999923706055,24.579999923706055,199675798
2026-06-22,24.200000762939453,24.299999237060547,23.520000457763672,23.719999313354492,23.719999313354492,241866864
2026-06-23,23.5,23.600000381469727,22.5,22.6200008392334,22.6200008392334,244561408
2026-06-24,22.6200008392334,23.15999984741211,22.260000228881836,22.959999084472656,22.959999084472656,219904218
2026-06-25,22.739999771118164,22.799999237060547,21.860000610351562,22.299999237060547,22.299999237060547,178920826
2026-06-26,21.979999542236328,22.15999984741211,21.299999237060547,21.420000076293945,21.420000076293945,191622768
2026-06-29,21.700000762939453,22.280000686645508,21.399999618530273,21.860000610351562,21.860000610351562,206092162
2026-06-30,21.8799991607666,22.100000381469727,21.34000015258789,21.639999389648438,21.639999389648438,173878074
2026-07-02,22.399999618530273,22.8799991607666,22.020000457763672,22.600000381469727,22.600000381469727,222813169
2026-07-03,22.979999542236328,24.100000381469727,22.799999237060547,22.959999084472656,22.959999084472656,268232162
2026-07-06,23.299999237060547,23.760000228881836,22.579999923706055,23.280000686645508,23.280000686645508,160205588
2026-07-07,23.299999237060547,24.18000030517578,23.020000457763672,23.100000381469727,23.100000381469727,202757349
2026-07-08,23.5,25.65999984741211,23.360000610351562,25.299999237060547,25.299999237060547,409721593
2026-07-09,25.420000076293945,26.15999984741211,24.479999542236328,25.0,25.0,348613728
2026-07-10,25.219999313354492,26.299999237060547,24.5,25.84000015258789,25.84000015258789,254498794
2026-07-13,25.84000015258789,26.780000686645508,25.579999923706055,25.84000015258789,25.84000015258789,206564861
2026-07-14,26.059999465942383,26.280000686645508,25.239999771118164,26.040000915527344,26.040000915527344,235763261
2026-07-15,26.040000915527344,26.200000762939453,25.280000686645508,25.860000610351562,25.860000610351562,151795185
2026-07-16,26.1200008392334,27.860000610351562,26.100000381469727,27.5,27.5,319311311
2026-07-17,28.079999923706055,28.219999313354492,26.360000610351562,26.8799991607666,26.8799991607666,279882322
2026-07-20,27.5,27.860000610351562,27.040000915527344,27.739999771118164,27.739999771118164,167547303
2026-07-21,27.34000015258789,28.15999984741211,27.239999771118164,27.420000076293945,27.420000076293945,158569307
2026-07-22,27.34000015258789,27.34000015258789,26.299999237060547,26.68000030517578,26.68000030517578,147613446
2026-07-23,26.399999618530273,27.200000762939453,26.040000915527344,27.139999389648438,27.139999389648438,87139468
2026-07-24,26.540000915527344,27.459999084472656,26.440000534057617,26.719999313354492,26.719999313354492,100009828
2026-07-27,26.899999618530273,29.079999923706055,26.84000015258789,28.68000030517578,28.68000030517578,274937407
2026-07-28,29.200000762939453,29.65999984741211,28.579999923706055,29.260000228881836,29.260000228881836,227304562
2026-07-29,29.700000762939453,32.0,29.479999542236328,31.8799991607666,31.8799991607666,482247702
2026-07-30,32.400001525878906,32.400001525878906,30.799999237060547,31.040000915527344,31.040000915527344,242298426
2026-07-31,29.299999237060547,29.5,27.760000228881836,28.780000686645508,28.780000686645508,414222166
2026-08-03,28.739999771118164,28.760000228881836,27.200000762939453,27.959999084472656,27.959999084472656,291271451
2026-08-04,27.860000610351562,28.34000015258789,27.18000030517578,27.959999084472656,27.959999084472656,154554311
2026-08-05,28.0,28.399999618530273,27.459999084472656,27.639999389648438,27.639999389648438,140378692
2026-08-06,27.639999389648438,28.040000915527344,26.639999389648438,26.860000610351562,26.860000610351562,199623572
2026-08-07,26.65999984741211,27.15999984741211,26.059999465942383,27.059999465942383,27.059999465942383,148233931
2026-08-10,27.100000381469727,27.81999969482422,26.81999969482422,27.6200008392334,27.6200008392334,149650782
2026-08-11,27.3799991607666,27.559999465942383,26.600000381469727,26.65999984741211,26.65999984741211,120335468
2026-08-12,26.459999084472656,26.520000457763672,26.1200008392334,26.360000610351562,26.360000610351562,106974043
2026-08-13,26.100000381469727,26.479999542236328,25.920000076293945,26.200000762939453,26.200000762939453,20183188
